2018-02-05 03:00:00,8179.99,8342.05,8165.03,8313.82,236.93262200,nan
2018-02-05 03:15:00,8313.81,8338.99,8220.0,8290.85,275.40563500,nan
2018-02-05 03:30:00,8293.65,8330.0,8239.81,8263.76,234.29836600,nan
2018-02-05 03:45:00,8264.06,8268.25,8220.0,8229.89,322.80672400,nan
2018-02-05 04:00:00,8220.88,8229.87,8100.0,8125.26,382.09546300,nan
2018-02-05 04:15:00,8125.26,8138.9,7980.0,8026.98,831.59611500,nan
2018-02-05 04:30:00,8029.11,8100.99,7971.08,8040.0,546.34019700,nan
2018-02-05 04:45:00,8040.0,8149.12,8006.13,8104.08,322.39360100,nan
2018-02-05 05:00:00,8104.07,8188.0,8050.0,8070.47,284.29389800,nan
2018-02-05 05:15:00,8054.04,8086.8,8012.0,8037.09,293.62980600,nan
2018-02-05 05:30:00,8037.08,8043.44,7910.0,8016.69,676.44115700,nan
2018-02-05 05:45:00,8011.25,8084.99,7949.86,8038.62,364.64349700,nan
2018-02-05 06:00:00,8047.07,8250.0,8032.4,8190.01,568.95819400,nan
2018-02-05 06:15:00,8180.07,8249.99,8103.46,8209.03,333.79585700,nan
2018-02-05 06:30:00,8213.55,8221.71,8141.76,8165.01,266.45417000,nan
2018-02-05 06:45:00,8165.02,8180.25,8070.29,8137.23,287.58217200,nan
2018-02-05 07:00:00,8148.83,8148.83,8000.21,8078.08,257.73822100,nan
2018-02-05 07:15:00,8089.08,8182.89,8050.0,8118.24,216.88366500,nan
2018-02-05 07:30:00,8118.02,8270.0,8118.0,8244.0,297.26381700,nan
2018-02-05 07:45:00,8243.0,8330.0,8171.04,8300.03,318.54734000,nan
2018-02-05 08:00:00,8300.03,8373.0,8256.72,8319.74,260.89450500,nan
2018-02-05 08:15:00,8319.71,8382.8,8253.0,8290.23,264.46373800,nan
2018-02-05 08:30:00,8290.23,8316.76,8220.3,8295.64,190.21792500,nan
2018-02-05 08:45:00,8295.45,8310.17,8179.9,8179.93,227.40280500,nan
2018-02-05 09:00:00,8179.9,8300.0,8179.0,8289.69,190.24867900,nan
2018-02-05 09:15:00,8272.24,8300.0,8210.01,8253.13,130.19065500,nan
2018-02-05 09:30:00,8253.13,8270.0,8201.0,8240.92,156.34380900,nan
2018-02-05 09:45:00,8240.92,8257.19,8011.0,8069.0,409.93534200,nan
2018-02-05 10:00:00,8059.74,8200.0,7959.0,7973.0,528.02410100,nan
2018-02-05 10:15:00,7968.0,8061.0,7950.0,8012.61,432.30142600,nan
2018-02-05 10:30:00,8012.0,8060.0,7970.2,8038.0,219.44039200,nan
2018-02-05 10:45:00,8052.8,8052.8,7915.01,7965.01,511.61507000,nan
2018-02-05 11:00:00,7965.01,7990.0,7822.0,7827.23,455.46092200,nan
2018-02-05 11:15:00,7827.23,7980.0,7800.12,7975.74,836.06084600,nan
2018-02-05 11:30:00,7975.73,7989.0,7837.0,7839.99,379.09370100,nan
2018-02-05 11:45:00,7839.99,7875.65,7800.0,7800.0,536.54157300,nan
2018-02-05 12:00:00,7801.0,7989.99,7728.0,7887.52,853.49543400,nan
2018-02-05 12:15:00,7884.06,8049.99,7863.45,7948.0,609.08732100,nan
2018-02-05 12:30:00,7938.64,7978.27,7896.0,7898.47,286.94634400,nan
2018-02-05 12:45:00,7898.47,7977.11,7857.18,7857.18,234.54759600,nan
2018-02-05 13:00:00,7869.97,7920.14,7818.0,7851.96,243.06506800,nan
2018-02-05 13:15:00,7842.36,7911.0,7811.02,7847.2,304.55483900,nan
2018-02-05 13:30:00,7845.52,7850.0,7756.0,7810.0,327.83657000,nan
2018-02-05 13:45:00,7805.0,7811.87,7680.0,7699.99,727.22038500,nan
2018-02-05 14:00:00,7685.05,7787.6,7633.0,7649.99,644.11341600,nan
2018-02-05 14:15:00,7649.9,7730.0,7600.1,7660.05,667.48571500,nan
2018-02-05 14:30:00,7655.0,7705.0,7567.5,7582.99,735.78518700,nan
2018-02-05 14:45:00,7582.98,7590.0,7510.0,7578.0,754.47404600,nan
2018-02-05 15:00:00,7572.32,7785.62,7536.9,7600.0,1082.26307200,nan
2018-02-05 15:15:00,7600.0,7669.98,7593.87,7629.99,346.23272200,nan
2018-02-05 15:30:00,7628.99,7630.0,7535.0,7558.68,415.92015200,nan
2018-02-05 15:45:00,7558.6,7788.87,7556.01,7682.05,677.01749900,nan
2018-02-05 16:00:00,7682.05,7763.02,7602.0,7650.17,416.29097600,nan
2018-02-05 16:15:00,7650.21,7693.39,7605.0,7680.0,297.66964800,nan
2018-02-05 16:30:00,7679.99,7750.0,7630.0,7645.0,355.47799100,nan
2018-02-05 16:45:00,7645.0,7683.92,7582.0,7636.18,464.62989300,nan
2018-02-05 17:00:00,7625.98,7636.19,7450.0,7450.0,952.22544500,nan
2018-02-05 17:15:00,7462.79,7482.61,7330.0,7335.05,1412.65342500,nan
2018-02-05 17:30:00,7335.05,7498.99,7320.0,7350.0,933.07806300,nan
2018-02-05 17:45:00,7359.99,7394.86,7301.1,7310.16,761.41458400,nan
2018-02-05 18:00:00,7329.72,7369.0,7238.1,7284.71,1131.99807400,nan
2018-02-05 18:15:00,7285.0,7330.0,7167.0,7329.98,1093.90760800,nan
2018-02-05 18:30:00,7330.0,7494.99,7212.35,7478.98,1061.65181400,nan
2018-02-05 18:45:00,7473.19,7550.0,7331.0,7384.85,951.52976800,nan
2018-02-05 19:00:00,7375.49,7475.0,7375.49,7472.57,508.70460500,nan
2018-02-05 19:15:00,7451.1,7536.41,7370.59,7370.59,616.29973300,nan
2018-02-05 19:30:00,7371.0,7394.73,7270.0,7362.44,510.83479500,nan
2018-02-05 19:45:00,7361.1,7369.78,7218.0,7295.01,476.52760500,nan
2018-02-05 20:00:00,7296.37,7349.99,7212.0,7241.81,446.30640200,nan
2018-02-05 20:15:00,7241.77,7350.0,7199.0,7329.42,473.22938100,nan
2018-02-05 20:30:00,7322.0,7333.0,7171.02,7193.94,417.37857700,nan
2018-02-05 20:45:00,7193.93,7220.0,7074.0,7089.99,739.95272900,nan
2018-02-05 21:00:00,7089.98,7238.07,7020.58,7026.0,1292.29420600,nan
2018-02-05 21:15:00,7026.01,7178.57,7000.01,7049.93,1510.43977400,nan
2018-02-05 21:30:00,7049.93,7233.71,7010.0,7071.91,939.87676100,nan
2018-02-05 21:45:00,7085.0,7114.85,6929.83,6965.13,949.28713500,nan
2018-02-05 22:00:00,6966.46,7030.0,6888.0,6947.45,1157.89257900,nan
2018-02-05 22:15:00,6947.45,6979.39,6800.0,6869.91,1102.74358000,nan
2018-02-05 22:30:00,6861.02,6881.58,6702.0,6712.51,1250.92364200,nan
2018-02-05 22:45:00,6720.59,6735.0,6625.0,6698.33,1200.47470500,nan
2018-02-05 23:00:00,6680.76,7168.99,6625.0,6811.02,2215.27977300,nan
2018-02-05 23:15:00,6795.01,7280.0,6791.02,7250.0,1643.76023200,nan
2018-02-05 23:30:00,7242.9,7448.99,7125.0,7280.04,2143.29817900,nan
2018-02-05 23:45:00,7289.48,7543.99,7188.38,7188.38,1740.58869000,nan
2018-02-06 00:00:00,7199.24,7268.67,6973.39,7070.9,1423.09816400,nan
2018-02-06 00:15:00,7053.86,7350.01,7011.07,7338.0,1109.13270500,nan
2018-02-06 00:30:00,7346.2,7389.0,7154.0,7231.76,796.75034700,nan
2018-02-06 00:45:00,7236.52,7348.99,7135.76,7147.97,619.51001600,nan
2018-02-06 01:00:00,7135.76,7283.0,7005.0,7220.75,670.68941300,nan
2018-02-06 01:15:00,7233.91,7350.0,7200.0,7248.79,681.62910300,nan
2018-02-06 01:30:00,7248.78,7299.99,7050.0,7100.0,651.76548800,nan
2018-02-06 01:45:00,7112.86,7112.86,6839.29,6859.98,1133.94771300,nan
2018-02-06 02:00:00,6851.05,6990.0,6752.0,6970.0,1193.33100600,nan
2018-02-06 02:15:00,6965.19,6980.0,6733.01,6850.1,756.06943200,nan
2018-02-06 02:30:00,6850.1,6973.41,6754.24,6910.61,649.53499900,nan
2018-02-06 02:45:00,6923.94,6947.95,6808.11,6939.99,592.72244900,nan
2018-02-06 03:00:00,6939.63,7150.0,6925.15,7010.03,834.67937700,nan
2018-02-06 03:15:00,7010.02,7098.9,6900.0,6928.84,644.43807900,nan
2018-02-06 03:30:00,6928.83,7042.0,6860.0,7041.04,507.67824100,nan
2018-02-06 03:45:00,7041.04,7100.0,6966.17,6983.17,607.75680500,nan
2018-02-06 04:00:00,6983.18,6992.09,6848.0,6868.8,604.69589700,nan
2018-02-06 04:15:00,6869.0,6887.98,6667.04,6676.79,998.73100600,nan
2018-02-06 04:30:00,6676.79,6758.54,6556.0,6561.0,1154.69907900,nan
2018-02-06 04:45:00,6561.0,6594.35,6430.0,6446.17,1180.35715200,nan
2018-02-06 05:00:00,6446.16,6661.15,6404.0,6420.0,1038.86996000,nan
2018-02-06 05:15:00,6430.87,6496.9,6340.0,6399.98,895.82685000,nan
2018-02-06 05:30:00,6399.99,6577.43,6399.98,6555.94,989.48424000,nan
2018-02-06 05:45:00,6555.94,6570.0,6351.0,6373.58,856.90985600,nan
2018-02-06 06:00:00,6387.95,6415.45,6230.0,6248.0,1148.55699700,nan
2018-02-06 06:15:00,6247.9,6400.0,6185.0,6209.0,1431.75550000,nan
2018-02-06 06:30:00,6207.67,6300.0,6155.0,6224.77,881.36055100,nan
2018-02-06 06:45:00,6224.76,6361.99,6191.97,6327.05,873.16701200,nan
2018-02-06 07:00:00,6317.8,6346.53,6210.0,6245.55,681.40889300,nan
2018-02-06 07:15:00,6252.06,6269.05,6108.0,6195.0,1406.10127800,nan
2018-02-06 07:30:00,6195.0,6227.78,6113.15,6139.22,771.95525300,nan
2018-02-06 07:45:00,6126.23,6200.0,6090.07,6109.08,975.38106000,nan
2018-02-06 08:00:00,6109.08,6402.0,6022.0,6380.0,1434.98571300,nan
2018-02-06 08:15:00,6380.0,6500.0,6219.98,6250.72,2067.21979000,nan
2018-02-06 08:30:00,6268.25,6655.0,6232.0,6465.59,1848.25480600,nan
2018-02-06 08:45:00,6484.19,6650.0,6414.0,6497.98,1536.76241100,nan
2018-02-06 09:00:00,6507.99,6507.99,6268.5,6358.0,1417.16668500,nan
2018-02-06 09:15:00,6355.0,6388.0,6140.0,6169.86,1092.32800700,nan
2018-02-06 09:30:00,6169.86,6296.33,6131.0,6160.0,808.44640300,nan
2018-02-06 09:45:00,6160.0,6284.0,6131.04,6250.79,711.19489900,nan
2018-02-06 10:00:00,6250.79,6374.0,6175.38,6282.54,1087.81607300,nan
2018-02-06 10:15:00,6279.14,6285.0,6152.2,6169.02,559.66892200,nan
2018-02-06 10:30:00,6169.02,6184.0,6043.47,6100.0,1215.67340600,nan
2018-02-06 10:45:00,6100.0,6141.15,6000.01,6043.0,967.97177200,nan
2018-02-06 11:00:00,6040.98,6280.0,6019.24,6123.4,1458.36576900,nan
2018-02-06 11:15:00,6123.34,6276.84,6106.39,6190.03,976.29607800,nan
2018-02-06 11:30:00,6209.89,6258.54,6100.01,6100.01,615.43546300,nan
2018-02-06 11:45:00,6110.28,6178.0,6101.27,6147.0,522.95962400,nan
2018-02-06 12:00:00,6146.98,6483.22,6126.67,6457.68,1239.26569400,nan
2018-02-06 12:15:00,6458.07,6585.82,6243.11,6538.98,1426.39129700,nan
2018-02-06 12:30:00,6538.98,6899.1,6530.03,6833.0,2021.99055400,nan
2018-02-06 12:45:00,6833.0,6960.0,6500.0,6668.77,1888.66526700,nan
2018-02-06 13:00:00,6671.08,6888.45,6572.98,6672.28,1334.81919200,nan
2018-02-06 13:15:00,6672.29,6767.62,6570.01,6600.01,934.08354600,nan
2018-02-06 13:30:00,6600.01,6674.87,6471.0,6481.01,965.51437600,nan
2018-02-06 13:45:00,6471.05,6539.99,6402.0,6526.95,867.36704200,nan
2018-02-06 14:00:00,6526.88,6586.95,6358.98,6376.45,723.35189600,nan
2018-02-06 14:15:00,6381.02,6381.02,6268.75,6350.0,846.46033400,nan
2018-02-06 14:30:00,6350.14,6489.0,6274.0,6331.21,761.11767900,nan
2018-02-06 14:45:00,6318.13,6559.0,6304.76,6559.0,704.48876300,nan
2018-02-06 15:00:00,6559.0,6660.01,6435.99,6474.29,1049.60328600,nan
2018-02-06 15:15:00,6474.29,6590.0,6456.08,6554.0,679.43304500,nan
2018-02-06 15:30:00,6557.07,6770.0,6544.47,6667.77,1027.38977400,nan
2018-02-06 15:45:00,6667.77,6837.93,6667.77,6719.07,985.28352600,nan
2018-02-06 16:00:00,6719.07,7100.0,6710.0,7050.0,1330.16366400,nan
2018-02-06 16:15:00,7049.99,7075.0,6750.0,6841.88,1461.11019400,nan
2018-02-06 16:30:00,6841.88,7050.05,6824.0,7050.0,1151.85027800,nan
2018-02-06 16:45:00,7050.0,7231.0,6967.83,7177.13,1851.25634200,nan
2018-02-06 17:00:00,7170.8,7340.1,7050.0,7069.98,2142.55039000,nan
2018-02-06 17:15:00,7069.98,7188.0,6851.0,6868.51,1342.64444000,nan
2018-02-06 17:30:00,6868.51,7070.0,6831.0,6938.1,1332.31561900,nan
2018-02-06 17:45:00,6940.93,7198.79,6930.0,7160.08,967.20490600,nan
2018-02-06 18:00:00,7167.93,7199.0,7014.61,7181.13,828.54153000,nan
2018-02-06 18:15:00,7189.97,7462.0,7181.21,7419.94,1905.07715500,nan
2018-02-06 18:30:00,7404.0,7459.99,7222.0,7254.97,1429.82071700,nan
2018-02-06 18:45:00,7254.14,7343.0,7100.01,7290.61,1668.49553300,nan
2018-02-06 19:00:00,7299.99,7404.99,7228.99,7236.97,957.66793000,nan
2018-02-06 19:15:00,7230.01,7245.0,7105.0,7166.0,1102.81495100,nan
2018-02-06 19:30:00,7166.2,7170.0,6951.0,7023.4,1352.31490300,nan
2018-02-06 19:45:00,7023.41,7156.99,6972.17,7111.78,855.50001300,nan
2018-02-06 20:00:00,7111.79,7128.64,6972.25,7003.03,712.65835700,nan
2018-02-06 20:15:00,7003.03,7022.6,6888.0,6988.97,842.33747400,nan
2018-02-06 20:30:00,6979.99,6988.98,6790.99,6844.96,1003.48378200,nan
2018-02-06 20:45:00,6844.97,7013.99,6781.0,7007.03,962.90246900,nan
2018-02-06 21:00:00,7009.41,7161.23,7009.41,7110.0,1023.10475400,nan
2018-02-06 21:15:00,7110.0,7124.72,6970.0,7003.06,591.54700800,nan
2018-02-06 21:30:00,7003.12,7190.02,6990.3,7156.75,615.94810100,nan
2018-02-06 21:45:00,7180.37,7190.0,7071.35,7180.01,567.17145400,nan
2018-02-06 22:00:00,7180.01,7298.0,7169.05,7210.02,643.31598900,nan
2018-02-06 22:15:00,7214.89,7336.69,7194.84,7302.8,642.91953700,nan
2018-02-06 22:30:00,7302.8,7420.0,7258.0,7420.0,642.62489200,nan
2018-02-06 22:45:00,7419.42,7623.83,7415.9,7544.93,1661.91238200,nan
2018-02-06 23:00:00,7543.18,7655.0,7438.0,7655.0,1008.25564100,nan
2018-02-06 23:15:00,7655.0,7720.0,7580.0,7670.02,1133.51096900,nan
2018-02-06 23:30:00,7672.0,7789.0,7589.81,7621.0,1137.29187500,nan
2018-02-06 23:45:00,7612.08,7670.5,7450.0,7486.0,1416.86013700,nan
2018-02-07 00:00:00,7477.02,7669.99,7473.69,7606.0,696.99340400,nan
2018-02-07 00:15:00,7602.59,7784.99,7592.63,7777.24,676.65932000,nan
2018-02-07 00:30:00,7777.24,7878.0,7700.0,7760.0,1257.91264900,nan
2018-02-07 00:45:00,7760.0,7849.8,7706.43,7759.47,735.36259400,nan
2018-02-07 01:00:00,7757.83,7780.64,7500.0,7539.24,1050.73242200,nan
2018-02-07 01:15:00,7539.24,7680.0,7458.28,7677.44,985.63202700,nan
2018-02-07 01:30:00,7679.24,7679.24,7425.67,7465.54,748.73274700,nan
2018-02-07 01:45:00,7465.55,7630.0,7460.02,7603.39,603.07335400,nan
2018-02-07 02:00:00,7603.39,7730.96,7512.0,7650.0,630.45027200,nan
2018-02-07 02:15:00,7646.41,7778.15,7619.0,7672.2,741.79275100,nan
2018-02-07 02:30:00,7665.36,7834.22,7645.15,7798.59,708.56398100,nan
2018-02-07 02:45:00,7798.59,7829.99,7648.0,7652.14,820.83722200,nan
2018-02-07 03:00:00,7655.02,7770.0,7560.11,7562.95,714.69495700,nan
2018-02-07 03:15:00,7562.95,7633.84,7500.0,7512.01,677.94148100,nan
2018-02-07 03:30:00,7512.01,7572.95,7388.0,7528.0,1022.84402600,nan
2018-02-07 03:45:00,7528.0,7618.0,7484.0,7541.06,685.93021800,nan
2018-02-07 04:00:00,7544.96,7691.59,7481.35,7682.31,557.94257200,nan
2018-02-07 04:15:00,7670.16,7719.96,7618.0,7676.0,399.19651700,nan
2018-02-07 04:30:00,7676.0,7690.49,7556.71,7578.47,479.40174000,nan
2018-02-07 04:45:00,7583.24,7606.19,7540.0,7578.41,338.01813900,nan
2018-02-07 05:00:00,7576.33,7691.0,7576.33,7648.94,405.91083900,nan
2018-02-07 05:15:00,7632.44,7679.0,7500.0,7500.0,405.72256000,nan
2018-02-07 05:30:00,7502.0,7519.64,7314.72,7320.0,952.44098600,nan
2018-02-07 05:45:00,7319.72,7394.0,7250.0,7282.02,822.23776900,nan
2018-02-07 06:00:00,7282.02,7344.05,7201.0,7260.01,785.84214200,nan
2018-02-07 06:15:00,7252.0,7349.0,7229.99,7320.71,668.43857700,nan
2018-02-07 06:30:00,7320.67,7424.5,7215.0,7230.0,574.63785200,nan
2018-02-07 06:45:00,7230.0,7256.85,7155.0,7200.0,616.50500900,nan
2018-02-07 07:00:00,7200.0,7229.99,7150.01,7201.0,354.39227400,nan
2018-02-07 07:15:00,7211.07,7350.89,7200.07,7275.1,609.00389500,nan
2018-02-07 07:30:00,7275.1,7439.33,7263.53,7439.3,550.90175500,nan
2018-02-07 07:45:00,7438.0,7550.0,7415.16,7460.0,602.58849100,nan
2018-02-07 08:00:00,7451.01,7480.0,7360.01,7423.5,418.70878900,nan
2018-02-07 08:15:00,7430.0,7558.89,7418.0,7527.47,471.66114200,nan
2018-02-07 08:30:00,7527.46,7544.0,7300.0,7365.0,564.00941600,nan
2018-02-07 08:45:00,7365.56,7439.0,7321.91,7420.01,421.48937600,nan
2018-02-07 09:00:00,7420.0,7425.0,7259.0,7264.99,382.63172500,nan
2018-02-07 09:15:00,7264.99,7348.79,7242.02,7300.85,421.73721400,nan
2018-02-07 09:30:00,7300.88,7436.42,7262.47,7414.56,396.18795800,nan
2018-02-07 09:45:00,7412.93,7480.0,7352.32,7460.0,283.00172700,nan
2018-02-07 10:00:00,7460.11,7479.99,7374.2,7400.0,292.47203800,nan
2018-02-07 10:15:00,7390.25,7420.73,7335.05,7391.99,262.41279100,nan
2018-02-07 10:30:00,7392.0,7639.95,7363.76,7638.99,537.60948800,nan
2018-02-07 10:45:00,7638.99,7734.52,7569.0,7669.97,959.08399000,nan
2018-02-07 11:00:00,7669.97,7733.78,7600.66,7719.0,504.50775500,nan
2018-02-07 11:15:00,7719.0,7900.0,7670.0,7765.0,1009.25075000,nan
2018-02-07 11:30:00,7772.15,7826.33,7583.24,7584.87,820.96632400,nan
2018-02-07 11:45:00,7584.87,7686.83,7580.6,7654.85,384.46050300,nan
2018-02-07 12:00:00,7654.92,7811.0,7650.01,7781.56,701.36211100,nan
2018-02-07 12:15:00,7788.58,7943.0,7769.01,7935.13,815.03268300,nan
2018-02-07 12:30:00,7927.19,7982.88,7843.0,7860.0,785.52089200,nan
2018-02-07 12:45:00,7860.0,7987.0,7843.17,7962.89,550.56667900,nan
2018-02-07 13:00:00,7962.89,8060.0,7880.0,8051.14,567.68802900,nan
2018-02-07 13:15:00,8051.14,8175.0,8022.55,8134.54,1376.16763900,nan
2018-02-07 13:30:00,8138.75,8190.99,8060.0,8170.0,822.50446400,nan
2018-02-07 13:45:00,8170.0,8195.0,8120.0,8169.0,615.90653900,nan
2018-02-07 14:00:00,8169.0,8274.0,8115.14,8129.0,1330.39321600,nan
2018-02-07 14:15:00,8126.42,8150.0,7945.09,7960.01,1196.12861900,nan
2018-02-07 14:30:00,7960.01,8170.0,7960.0,8095.82,798.93143400,nan
2018-02-07 14:45:00,8100.83,8237.0,8100.0,8151.53,518.85840500,nan
2018-02-07 15:00:00,8138.05,8160.0,8036.0,8120.0,709.56225500,nan
2018-02-07 15:15:00,8113.95,8136.45,8056.0,8082.0,431.67293100,nan
2018-02-07 15:30:00,8090.84,8200.0,8090.84,8161.1,495.96658800,nan
2018-02-07 15:45:00,8161.17,8325.0,8114.56,8266.0,785.38426600,nan
2018-02-07 16:00:00,8266.0,8379.0,8266.0,8330.0,916.42067800,nan
2018-02-07 16:15:00,8330.0,8476.0,8328.66,8421.01,967.68091800,nan
2018-02-07 16:30:00,8429.83,8450.0,8280.0,8374.68,1000.38196400,nan
2018-02-07 16:45:00,8386.96,8400.0,8190.0,8195.48,664.35358200,nan
2018-02-07 17:00:00,8190.03,8360.0,8170.0,8293.71,916.47060500,nan
2018-02-07 17:15:00,8288.69,8310.91,8050.0,8115.0,959.55677900,nan
2018-02-07 17:30:00,8117.22,8160.0,8050.07,8114.78,744.88765200,nan
2018-02-07 17:45:00,8114.78,8249.64,8110.0,8200.12,680.86582500,nan
2018-02-07 18:00:00,8209.98,8330.0,8200.0,8210.02,591.01827300,nan
2018-02-07 18:15:00,8211.0,8262.23,8131.0,8159.0,441.19553400,nan
2018-02-07 18:30:00,8159.0,8161.67,8052.0,8074.01,654.19184900,nan
2018-02-07 18:45:00,8094.97,8171.52,8074.0,8169.0,406.15873700,nan
2018-02-07 19:00:00,8165.0,8200.0,8100.0,8130.04,566.32523200,nan
2018-02-07 19:15:00,8131.14,8131.14,8041.58,8053.0,430.22913100,nan
2018-02-07 19:30:00,8053.0,8067.37,7867.0,7928.5,1550.37291000,nan
2018-02-07 19:45:00,7935.6,8047.88,7885.01,7919.94,941.63626700,nan
2018-02-07 20:00:00,7919.94,8055.0,7897.66,8055.0,543.62279800,nan
2018-02-07 20:15:00,8055.0,8200.0,8052.62,8113.45,616.23673200,nan
2018-02-07 20:30:00,8113.19,8315.02,8100.0,8290.0,684.60245800,nan
2018-02-07 20:45:00,8290.0,8315.92,8204.72,8284.29,454.31793600,nan
2018-02-07 21:00:00,8284.31,8399.0,8279.0,8321.01,567.57049000,nan
2018-02-07 21:15:00,8321.01,8364.25,8240.0,8303.7,425.83397000,nan
2018-02-07 21:30:00,8311.8,8320.13,8203.74,8244.93,310.08996000,nan
2018-02-07 21:45:00,8244.93,8310.0,8225.0,8225.0,289.83142300,nan
2018-02-07 22:00:00,8225.0,8244.99,8112.0,8244.69,329.07368300,nan
2018-02-07 22:15:00,8238.36,8244.91,8150.01,8210.0,255.84307800,nan
2018-02-07 22:30:00,8210.0,8219.14,8082.22,8082.22,395.29198000,nan
2018-02-07 22:45:00,8082.22,8150.0,8031.02,8130.81,384.43814500,nan
2018-02-07 23:00:00,8130.81,8142.0,8052.17,8069.99,324.58535200,nan
2018-02-07 23:15:00,8065.0,8113.0,7950.0,7959.99,428.47623300,nan
2018-02-07 23:30:00,7955.0,8159.9,7931.0,8112.68,714.99028300,nan
2018-02-07 23:45:00,8112.67,8218.93,8100.0,8126.84,372.12266000,nan
2018-02-08 00:00:00,8126.96,8259.12,8112.34,8202.29,331.49683500,nan
2018-02-08 00:15:00,8202.29,8206.19,8060.0,8060.08,216.08557200,nan
2018-02-08 00:30:00,8060.06,8125.0,8000.0,8011.64,309.24235900,nan
2018-02-08 00:45:00,8011.67,8140.0,8010.05,8080.04,247.15579000,nan
2018-02-08 01:00:00,8073.0,8078.26,7964.1,7976.0,327.04445800,nan
2018-02-08 01:15:00,7976.0,8030.76,7831.0,7835.02,735.15560800,nan
2018-02-08 01:30:00,7835.02,7900.0,7763.56,7806.0,1064.05188900,nan
2018-02-08 01:45:00,7809.98,7851.99,7732.35,7781.0,858.07117100,nan
2018-02-08 02:00:00,7781.0,7818.06,7600.0,7600.0,1298.11374100,nan
2018-02-08 02:15:00,7600.0,7739.99,7580.0,7621.0,1041.96265600,nan
2018-02-08 02:30:00,7621.01,7698.0,7531.11,7585.0,1211.97157300,nan
2018-02-08 02:45:00,7584.77,7659.0,7551.0,7599.0,752.22978200,nan
2018-02-08 03:00:00,7599.0,7790.0,7572.09,7673.67,821.57955300,nan
2018-02-08 03:15:00,7677.23,7844.0,7673.67,7784.02,699.95776500,nan
2018-02-09 12:58:14.789000,7789.9,8390.0,7789.9,8250.0,1036.98608800,nan
2018-02-09 13:13:14.789000,8250.0,8263.0,8180.0,8180.5,414.91036200,nan
2018-02-09 13:28:14.789000,8179.8,8320.0,8166.0,8294.99,392.20832000,nan
2018-02-09 13:43:14.789000,8294.95,8300.0,8218.0,8244.11,266.73081400,nan
2018-02-09 13:58:14.789000,8244.21,8295.99,8227.82,8249.96,228.08066100,nan
2018-02-09 14:13:14.789000,8249.96,8339.0,8249.89,8301.01,365.59809700,nan
2018-02-09 14:28:14.789000,8301.01,8393.08,8276.0,8393.07,345.25579900,nan
2018-02-09 14:43:14.789000,8380.13,8395.0,8250.0,8281.54,406.25388200,nan
2018-02-09 14:58:14.789000,8281.53,8300.0,8265.0,8282.03,228.84559300,nan
2018-02-09 15:13:14.789000,8288.13,8293.76,8201.95,8219.98,295.51165200,nan
2018-02-09 15:28:14.789000,8215.85,8286.06,8212.77,8259.96,199.56841700,nan
2018-02-09 15:43:14.789000,8259.96,8269.0,8219.95,8245.73,252.27420300,nan
2018-02-09 15:58:14.789000,8241.01,8314.99,8225.0,8294.97,315.30625100,nan
2018-02-09 16:13:14.789000,8294.97,8302.71,8253.0,8269.11,291.98280300,nan
2018-02-09 16:28:14.789000,8279.78,8340.0,8268.7,8318.06,272.05301400,nan
2018-02-09 16:43:14.789000,8318.06,8325.0,8281.95,8309.64,313.59729600,nan
2018-02-09 16:58:14.789000,8300.04,8422.5,8285.0,8412.52,573.18377100,nan
2018-02-09 17:13:14.789000,8407.99,8450.12,8366.81,8390.04,586.96918400,nan
2018-02-09 17:28:14.789000,8390.05,8514.0,8390.05,8505.0,569.66296100,nan
2018-02-09 17:43:14.789000,8505.0,8540.0,8421.57,8460.46,640.12516500,nan
2018-02-09 17:58:14.789000,8453.6,8510.0,8378.0,8395.01,421.23863000,nan
2018-02-09 18:13:14.789000,8388.9,8449.0,8378.45,8387.88,329.32615200,nan
2018-02-09 18:28:14.789000,8387.76,8420.5,8355.87,8365.99,326.54155400,nan
2018-02-09 18:43:14.789000,8364.34,8422.02,8312.0,8334.25,416.62500500,nan
2018-02-09 18:58:14.789000,8334.23,8379.86,8312.0,8379.83,318.47915400,nan
2018-02-09 19:13:14.789000,8372.33,8430.0,8352.33,8422.21,248.27785300,nan
2018-02-09 19:28:14.789000,8422.21,8432.51,8378.76,8390.0,341.39937800,nan
2018-02-09 19:43:14.789000,8390.0,8397.0,8350.0,8370.0,287.74123800,nan
2018-02-09 19:58:14.789000,8370.0,8432.77,8365.1,8418.46,304.47608100,nan
2018-02-09 20:13:14.789000,8418.42,8505.38,8400.0,8505.38,336.26347200,nan
2018-02-09 20:28:14.789000,8499.36,8645.44,8490.97,8632.28,814.41222400,nan
2018-02-09 20:43:14.789000,8635.97,8718.0,8606.42,8624.95,630.21889200,nan
2018-02-09 20:58:14.789000,8614.93,8738.0,8614.89,8679.53,538.80921400,nan
2018-02-09 21:13:14.789000,8679.25,8725.0,8618.0,8620.5,411.09663400,nan
2018-02-09 21:28:14.789000,8628.87,8666.56,8565.01,8576.5,368.91272800,nan
2018-02-09 21:43:14.789000,8580.02,8650.0,8570.0,8622.0,294.14471000,nan
2018-02-09 21:58:14.789000,8625.53,8699.0,8615.0,8670.01,263.18314100,nan
2018-02-09 22:13:14.789000,8670.02,8719.99,8667.37,8700.0,350.29518800,nan
2018-02-09 22:28:14.789000,8693.84,8699.38,8645.23,8674.2,156.14770800,nan
2018-02-09 22:43:14.789000,8674.2,8674.98,8593.24,8633.0,293.66712400,nan
2018-02-09 22:58:14.789000,8630.06,8720.04,8630.0,8666.83,265.30792800,nan
2018-02-09 23:13:14.789000,8666.87,8690.0,8601.0,8605.26,312.26655700,nan
2018-02-09 23:28:14.789000,8610.0,8610.0,8539.0,8550.2,404.30083700,nan
2018-02-09 23:43:14.789000,8550.22,8589.99,8509.3,8525.91,303.15318200,nan
2018-02-09 23:58:14.789000,8520.13,8650.0,8512.05,8527.01,360.94674100,nan
2018-02-10 00:13:14.789000,8527.08,8580.1,8498.68,8499.0,237.97260400,nan
2018-02-10 00:28:14.789000,8499.0,8539.96,8403.0,8483.92,505.76833800,nan
2018-02-10 00:43:14.789000,8483.92,8577.99,8466.12,8558.0,295.68558500,nan
2018-02-10 00:58:14.789000,8558.0,8560.8,8461.11,8478.95,200.04098000,nan
2018-02-10 01:13:14.789000,8478.92,8520.0,8447.63,8470.0,272.35437700,nan
2018-02-10 01:28:14.789000,8475.54,8530.0,8451.68,8510.2,184.46010800,nan
2018-02-10 01:43:14.789000,8515.0,8622.56,8506.01,8589.91,372.91470300,nan
2018-02-10 01:58:14.789000,8589.86,8640.0,8550.93,8624.03,313.67233600,nan
2018-02-10 02:13:14.789000,8624.05,8664.29,8600.0,8627.97,252.24472400,nan
2018-02-10 02:28:14.789000,8627.97,8719.1,8610.0,8691.58,416.59043600,nan
2018-02-10 02:43:14.789000,8694.07,8719.0,8653.21,8701.42,306.93562800,nan
2018-02-10 02:58:14.789000,8701.42,8705.57,8601.0,8646.72,374.67775200,nan
2018-02-10 03:13:14.789000,8652.99,8826.91,8641.0,8789.85,816.67349700,nan
2018-02-10 03:28:14.789000,8789.85,8850.0,8781.37,8841.58,658.13817100,nan
2018-02-10 03:43:14.789000,8840.41,8897.11,8821.01,8875.0,891.73823600,nan
2018-02-10 03:58:14.789000,8875.0,8950.0,8790.0,8900.0,779.13709300,nan
2018-02-10 04:13:14.789000,8895.66,8940.0,8824.14,8836.71,490.87467300,nan
2018-02-10 04:28:14.789000,8840.0,8934.0,8836.75,8875.01,488.14341700,nan
2018-02-10 04:43:14.789000,8880.0,8880.0,8750.0,8787.78,611.72514200,nan
2018-02-10 04:58:14.789000,8797.91,8861.41,8761.15,8834.98,358.74477600,nan
2018-02-10 05:13:14.789000,8834.97,8899.23,8809.23,8864.17,340.89469600,nan
2018-02-10 05:28:14.789000,8864.17,8888.0,8807.07,8879.0,259.99084400,nan
2018-02-10 05:43:14.789000,8879.0,8933.0,8848.95,8919.59,392.16617200,nan
2018-02-10 05:58:14.789000,8919.57,8970.0,8895.42,8927.49,365.14012300,nan
2018-02-10 06:13:14.789000,8911.01,8978.0,8881.47,8974.97,337.09363600,nan
2018-02-10 06:28:14.789000,8974.97,8997.0,8925.0,8985.0,364.90233600,nan
2018-02-10 06:43:14.789000,8984.96,8990.0,8860.0,8880.26,468.41706200,nan
2018-02-10 06:58:14.789000,8880.3,8920.0,8801.0,8810.0,435.79390000,nan
2018-02-10 07:13:14.789000,8810.0,8865.35,8772.04,8780.38,531.87441000,nan
2018-02-10 07:28:14.789000,8780.48,8825.0,8760.0,8780.0,342.35784200,nan
2018-02-10 07:43:14.789000,8780.0,8849.81,8760.0,8810.0,390.86029800,nan
2018-02-10 07:58:14.789000,8810.02,8827.96,8760.53,8823.79,191.40974200,nan
2018-02-10 08:13:14.789000,8822.01,8888.81,8820.01,8880.0,268.19400900,nan
2018-02-10 08:28:14.789000,8879.93,8910.0,8840.0,8860.02,256.57603200,nan
2018-02-10 08:43:14.789000,8860.01,8867.0,8831.0,8834.19,174.28500900,nan
2018-02-10 08:58:14.789000,8836.84,8855.03,8834.19,8842.98,20.80811400,nan
2018-02-10 09:15:00,8842.98,8947.01,8842.98,8905.0,220.27108800,nan
2018-02-10 09:30:00,8903.0,8988.88,8889.99,8957.23,331.03853200,nan
2018-02-10 09:45:00,8940.34,9050.0,8940.34,9034.97,464.26693300,nan
2018-02-10 10:00:00,9034.97,9065.78,8872.0,8874.99,636.47138200,nan
2018-02-10 10:15:00,8872.0,8997.69,8871.89,8970.64,542.77199700,nan
2018-02-10 10:30:00,8970.59,9020.0,8922.02,8974.99,370.03737200,nan
2018-02-10 10:45:00,8979.99,8985.0,8915.0,8915.15,442.48781200,nan
2018-02-10 11:00:00,8915.15,8920.17,8792.1,8815.0,634.06505400,nan
2018-02-10 11:15:00,8811.26,8861.28,8760.33,8765.0,541.12150600,nan
2018-02-10 11:30:00,8762.14,8772.2,8577.61,8672.92,1230.47491600,nan
2018-02-10 11:45:00,8663.5,8747.0,8582.0,8610.47,854.63255800,nan
2018-02-10 12:00:00,8610.01,8713.0,8571.5,8709.0,677.12910600,nan
2018-02-10 12:15:00,8710.0,8730.09,8612.0,8685.0,492.60937400,nan
2018-02-10 12:30:00,8685.0,8761.22,8684.0,8739.75,427.32380400,nan
2018-02-10 12:45:00,8739.71,8739.75,8582.41,8601.8,554.25993300,nan
2018-02-10 13:00:00,8601.8,8667.66,8590.32,8606.0,384.28181400,nan
2018-02-10 13:15:00,8601.87,8659.47,8579.0,8580.0,438.39748400,nan
2018-02-10 13:30:00,8580.03,8610.0,8470.0,8520.41,748.15034200,nan
2018-02-10 13:45:00,8520.4,8529.11,8470.0,8481.0,674.23984500,nan
2018-02-10 14:00:00,8481.0,8586.0,8477.0,8548.0,492.66106900,nan
2018-02-10 14:15:00,8548.0,8650.0,8520.0,8640.65,369.73140300,nan
2018-02-10 14:30:00,8640.65,8685.99,8586.22,8669.83,436.91018300,nan
2018-02-10 14:45:00,8669.79,8670.0,8571.0,8635.99,353.61997000,nan
2018-02-10 15:00:00,8626.12,8647.15,8521.86,8529.6,380.77753000,nan
2018-02-10 15:15:00,8530.0,8587.51,8480.0,8560.12,580.10905600,nan
2018-02-10 15:30:00,8563.51,8649.0,8533.0,8639.99,415.62088000,nan
2018-02-10 15:45:00,8639.99,8640.0,8580.0,8600.0,205.52672500,nan
2018-02-10 16:00:00,8599.75,8735.0,8587.77,8716.95,549.65926700,nan
2018-02-10 16:15:00,8726.95,8739.95,8680.0,8739.95,336.39769200,nan
2018-02-10 16:30:00,8739.04,8783.19,8681.0,8692.02,524.08509000,nan
2018-02-10 16:45:00,8692.02,8780.0,8681.0,8730.01,374.67966100,nan
2018-02-10 17:00:00,8727.97,8800.0,8711.02,8781.64,349.45087400,nan
2018-02-10 17:15:00,8789.81,8798.0,8665.01,8685.87,424.85611800,nan
2018-02-10 17:30:00,8696.52,8712.0,8571.01,8585.0,765.24324600,nan
2018-02-10 17:45:00,8585.0,8645.0,8571.0,8604.92,420.75899100,nan
2018-02-10 18:00:00,8599.7,8612.79,8423.0,8435.0,836.22816500,nan
2018-02-10 18:15:00,8435.0,8439.85,8325.0,8395.0,1129.80543800,nan
2018-02-10 18:30:00,8395.0,8420.0,8270.5,8272.02,962.65916000,nan
2018-02-10 18:45:00,8272.04,8337.47,8231.0,8263.51,1413.63837100,nan
2018-02-10 19:00:00,8271.0,8420.0,8264.11,8314.39,1011.09513700,nan
2018-02-10 19:15:00,8314.39,8365.36,8290.0,8345.0,458.68700900,nan
2018-02-10 19:30:00,8345.0,8377.68,8149.92,8219.34,985.78973800,nan
2018-02-10 19:45:00,8211.16,8219.34,8120.0,8185.98,936.95407700,nan
2018-02-10 20:00:00,8188.0,8287.99,8179.0,8274.0,673.00565300,nan
2018-02-10 20:15:00,8274.0,8391.34,8268.02,8309.98,761.70176500,nan
2018-02-10 20:30:00,8310.23,8448.0,8306.12,8411.15,547.35000600,nan
2018-02-10 20:45:00,8411.05,8411.05,8348.0,8391.92,330.52507400,nan
2018-02-10 21:00:00,8388.99,8393.0,8282.15,8310.0,485.25079200,nan
2018-02-10 21:15:00,8311.0,8419.0,8304.0,8330.99,435.66216200,nan
2018-02-10 21:30:00,8330.99,8330.99,8270.0,8313.16,392.11629000,nan
2018-02-10 21:45:00,8313.16,8336.8,8268.01,8272.59,283.94630700,nan
2018-02-10 22:00:00,8272.92,8285.49,8212.5,8260.0,428.76374700,nan
2018-02-10 22:15:00,8260.0,8330.0,8242.73,8283.08,392.25210800,nan
2018-02-10 22:30:00,8283.08,8398.99,8283.08,8397.97,421.36591800,nan
2018-02-10 22:45:00,8395.05,8430.89,8372.78,8419.0,343.24712200,nan
2018-02-10 23:00:00,8420.0,8422.0,8295.0,8313.73,406.22061800,nan
2018-02-10 23:15:00,8329.99,8360.24,8279.16,8280.0,232.70574100,nan
2018-02-10 23:30:00,8290.31,8385.0,8284.56,8320.0,268.67143900,nan
2018-02-10 23:45:00,8320.0,8337.06,8131.0,8170.98,754.42513400,nan
2018-02-11 00:00:00,8170.98,8244.0,8130.0,8228.04,671.96947500,nan
2018-02-11 00:15:00,8227.85,8256.57,8125.0,8187.81,645.71613500,nan
2018-02-11 00:30:00,8187.72,8294.56,8155.0,8244.73,554.78007800,nan
2018-02-11 00:45:00,8244.7,8264.71,8211.0,8241.0,380.73209800,nan
2018-02-11 01:00:00,8239.04,8335.0,8230.0,8334.85,471.21617000,nan
2018-02-11 01:15:00,8334.85,8530.0,8329.0,8499.96,995.88244000,nan
2018-02-11 01:30:00,8508.07,8566.0,8440.0,8440.0,664.70106800,nan
2018-02-11 01:45:00,8439.93,8570.0,8403.0,8539.99,551.25973100,nan
2018-02-11 02:00:00,8539.98,8554.0,8466.01,8491.62,363.11451200,nan
2018-02-11 02:15:00,8507.97,8572.0,8466.01,8480.01,408.81011800,nan
2018-02-11 02:30:00,8480.03,8524.99,8451.0,8505.36,314.35162800,nan
2018-02-11 02:45:00,8505.27,8545.0,8500.01,8533.98,244.11198800,nan
2018-02-11 03:00:00,8533.99,8549.0,8374.79,8393.34,503.71099100,nan
2018-02-11 03:15:00,8383.09,8490.0,8330.0,8381.02,588.06088700,nan
2018-02-11 03:30:00,8384.98,8385.0,8258.98,8302.55,543.48404200,nan
2018-02-11 03:45:00,8317.85,8409.03,8303.06,8378.1,315.97654400,nan
2018-02-11 04:00:00,8378.1,8394.55,8212.0,8226.32,441.04311700,nan
2018-02-11 04:15:00,8215.31,8250.0,8164.03,8214.98,598.38229000,nan
2018-02-11 04:30:00,8210.01,8316.31,8174.04,8280.05,508.34966800,nan
2018-02-11 04:45:00,8284.97,8284.97,8201.0,8224.95,304.68969200,nan
2018-02-11 05:00:00,8224.94,8224.94,8160.0,8190.0,376.52651600,nan
2018-02-11 05:15:00,8185.01,8269.65,8184.07,8250.42,259.33941700,nan
2018-02-11 05:30:00,8259.93,8259.94,8185.07,8220.3,229.87812400,nan
2018-02-11 05:45:00,8221.01,8240.4,8189.37,8236.81,272.14884500,nan
2018-02-11 06:00:00,8227.42,8236.74,8055.6,8082.06,748.98679600,nan
2018-02-11 06:15:00,8097.97,8098.08,8021.0,8047.95,659.68483500,nan
2018-02-11 06:30:00,8047.9,8101.21,8000.0,8027.7,716.13519900,nan
2018-02-11 06:45:00,8027.6,8050.0,7956.0,7969.05,979.92922100,nan
2018-02-11 07:00:00,7976.73,7988.21,7960.13,7976.74,7.72176000,nan
2018-02-11 07:30:00,7976.74,8098.0,7956.0,7979.95,391.52561500,nan
2018-02-11 07:45:00,7979.95,7989.02,7910.01,7925.49,664.33992200,nan
2018-02-11 08:00:00,7925.49,8045.0,7911.54,7970.1,500.80269400,nan
2018-02-11 08:15:00,7973.98,8012.0,7918.0,7969.97,415.36319800,nan
2018-02-11 08:30:00,7969.61,8112.0,7960.0,8100.8,649.96290300,nan
2018-02-11 08:45:00,8105.01,8169.13,8049.01,8100.0,717.78684100,nan
2018-02-11 09:00:00,8100.0,8105.0,7987.37,8021.99,485.61075600,nan
2018-02-11 09:15:00,8019.01,8029.0,7955.0,7979.12,424.44288700,nan
2018-02-11 09:30:00,7989.78,7994.88,7916.97,7927.88,568.65878800,nan
2018-02-11 09:45:00,7929.09,8027.0,7925.0,8011.35,667.49927300,nan
2018-02-11 10:00:00,8011.36,8020.0,7950.15,8006.17,334.88680000,nan
2018-02-11 10:15:00,8009.0,8011.5,7971.81,7989.9,216.21406100,nan
2018-02-11 10:30:00,7989.96,7989.96,7863.0,7865.0,754.50616900,nan
2018-02-11 10:45:00,7865.0,7865.0,7800.0,7850.72,952.29630000,nan
2018-02-11 11:00:00,7851.2,7855.97,7726.53,7790.0,865.49376600,nan
2018-02-11 11:15:00,7790.0,7862.97,7786.0,7847.96,772.13805300,nan
2018-02-11 11:30:00,7847.96,7889.95,7789.69,7813.84,664.23081500,nan
2018-02-11 11:45:00,7813.84,7925.0,7800.55,7909.98,452.65252900,nan
2018-02-11 12:00:00,7909.98,7918.99,7819.55,7839.86,403.34304900,nan
2018-02-11 12:15:00,7849.81,7900.0,7822.16,7868.0,311.32581300,nan
2018-02-11 12:30:00,7867.49,8042.02,7853.0,8012.01,1012.79815200,nan
2018-02-11 12:45:00,8012.01,8128.0,7972.19,8125.89,750.89923500,nan
2018-02-11 13:00:00,8126.0,8128.55,8005.0,8069.0,652.07075600,nan
2018-02-11 13:15:00,8072.79,8141.0,8025.0,8040.23,445.96001300,nan
2018-02-11 13:30:00,8040.23,8080.0,7950.0,7966.0,474.14596400,nan
2018-02-11 13:45:00,7966.0,8047.99,7965.0,7988.1,272.70901100,nan
2018-02-11 14:00:00,7989.06,8085.0,7988.1,8036.02,286.67754200,nan
2018-02-11 14:15:00,8035.99,8055.0,7950.0,7956.57,254.59774500,nan
2018-02-11 14:30:00,7956.57,8070.79,7950.09,8060.0,389.89163400,nan
2018-02-11 14:45:00,8060.11,8190.0,8050.0,8140.0,604.85789700,nan
2018-02-11 15:00:00,8139.99,8212.85,8110.0,8131.08,561.44631000,nan
2018-02-11 15:15:00,8137.47,8308.5,8112.11,8271.76,845.82703700,nan
2018-02-11 15:30:00,8271.76,8375.0,8230.0,8300.02,1060.55518100,nan
2018-02-11 15:45:00,8309.27,8344.97,8230.17,8281.0,516.80664600,nan
2018-02-11 16:00:00,8280.0,8370.0,8270.03,8330.0,430.63274800,nan
2018-02-11 16:15:00,8330.0,8360.0,8230.0,8249.84,412.72015000,nan
2018-02-11 16:30:00,8249.76,8254.75,8180.34,8235.8,513.27693300,nan
2018-02-11 16:45:00,8235.68,8311.0,8223.45,8229.92,713.79707100,nan
2018-02-11 17:00:00,8229.87,8237.26,8191.89,8219.75,410.15611700,nan
2018-02-11 17:15:00,8219.0,8310.0,8200.5,8309.0,358.18902100,nan
2018-02-11 17:30:00,8308.97,8418.0,8260.0,8380.34,725.59910500,nan
2018-02-11 17:45:00,8380.34,8438.01,8329.25,8435.0,492.05046000,nan
2018-02-11 18:00:00,8435.0,8446.65,8381.0,8410.56,422.83438700,nan
2018-02-11 18:15:00,8411.0,8440.0,8370.0,8372.09,382.64915400,nan
2018-02-11 18:30:00,8372.15,8400.0,8335.0,8370.0,395.60999300,nan
2018-02-11 18:45:00,8374.51,8449.9,8360.0,8449.86,408.24533200,nan
2018-02-11 19:00:00,8445.06,8500.11,8398.0,8500.11,599.91394700,nan
2018-02-11 19:15:00,8500.0,8500.85,8299.0,8312.69,683.74277100,nan
2018-02-11 19:30:00,8323.01,8368.87,8283.95,8300.02,641.64198400,nan
2018-02-11 19:45:00,8307.71,8320.0,8230.8,8309.94,575.83037800,nan
2018-02-11 20:00:00,8309.94,8380.0,8293.0,8330.64,381.60252900,nan
2018-02-11 20:15:00,8330.64,8335.0,8208.0,8220.0,506.25004700,nan
2018-02-11 20:30:00,8220.0,8280.0,8180.0,8234.56,480.72400500,nan
2018-02-11 20:45:00,8234.52,8235.0,8151.2,8202.84,391.87119300,nan
2018-02-11 21:00:00,8209.0,8300.0,8199.62,8256.25,402.63465500,nan
2018-02-11 21:15:00,8259.5,8288.0,8187.42,8212.19,370.10580000,nan
2018-02-11 21:30:00,8212.17,8283.99,8180.84,8273.87,317.54544900,nan
2018-02-11 21:45:00,8273.82,8330.0,8217.51,8313.33,354.03637700,nan
2018-02-11 22:00:00,8321.22,8349.82,8259.49,8349.82,349.33048700,nan
2018-02-11 22:15:00,8349.3,8387.0,8335.0,8360.25,403.24086600,nan
2018-02-11 22:30:00,8364.73,8377.23,8248.23,8280.6,270.01851100,nan
2018-02-11 22:45:00,8280.6,8321.0,8230.57,8285.0,267.61826500,nan
2018-02-11 23:00:00,8285.0,8294.79,8230.0,8235.07,268.61791600,nan
2018-02-11 23:15:00,8234.97,8300.0,8215.0,8270.0,190.35157300,nan
2018-02-11 23:30:00,8262.16,8270.59,8224.4,8255.99,235.56128900,nan
2018-02-11 23:45:00,8254.73,8299.0,8241.7,8246.92,176.84234800,nan
2018-02-12 00:00:00,8246.67,8285.78,8230.16,8285.0,188.54812600,nan
2018-02-12 00:15:00,8285.78,8342.21,8268.01,8284.23,275.94077200,nan
2018-02-12 00:30:00,8284.24,8340.0,8253.0,8333.0,255.87647000,nan
2018-02-12 00:45:00,8332.97,8333.0,8270.0,8315.49,326.01728500,nan
2018-02-12 01:00:00,8315.49,8328.0,8286.0,8312.0,165.59290800,nan
2018-02-12 01:15:00,8312.0,8313.7,8239.94,8262.91,219.04536700,nan
2018-02-12 01:30:00,8262.91,8300.0,8260.0,8296.32,129.19559900,nan
2018-02-12 01:45:00,8296.32,8310.65,8266.0,8283.92,216.58845700,nan
2018-02-12 02:00:00,8288.57,8298.0,8202.1,8202.1,257.55586100,nan
2018-02-12 02:15:00,8219.74,8230.0,8054.0,8080.27,1027.50762700,nan
2018-02-12 02:30:00,8080.27,8169.9,8067.79,8093.0,506.75017100,nan
2018-02-12 02:45:00,8093.0,8097.71,8015.0,8063.88,526.95714900,nan
2018-02-12 03:00:00,8063.82,8154.0,8053.0,8100.0,498.31828400,nan
